"apetauer16",""
"arneitzj15",""
"brunnemi16",""
"davidluk15",""
"derlermi16",""
"deutschv15",""
"fernbach16",""
"gartnerf15",""
"grainerm15",""
"heiderst16",""
"horinaal15",""
"hutterma14",""
"hoedlale16",""
"huetters16",""
"janezicn15",""
"krassers16",""
"krnavkov16",""
"lachchri16",""
"lambrech16",""
"leifertv15",""
"malichri16",""
"neumannn16",""
"ortnerth16",""
"osamamuh16",""
"paggerdo16",""
"panholze15",""
"partlice16",""
"puetzlma16",""
"qerimiar16",""
"rauchens16",""
"reichelt16",""
"rinnhofe15",""
"ruggenth15",""
"schmitze16",""
"schnedli15",""
"smithbob17","swengb-student"
"spiessni15",""
"staudach16",""
"steinerm15",""
"wachterf16",""
"wallnerb15",""
"weilands16",""
